-- phpMyAdmin SQL Dump
-- version 4.8.4
-- https://www.phpmyadmin.net/
--
-- 主機: 127.0.0.1
-- 產生時間： 2019 年 03 月 21 日 02:15
-- 伺服器版本: 10.1.37-MariaDB
-- PHP 版本： 7.1.26

SET SQL_MODE = "NO_AUTO_VALUE_ON_ZERO";
SET AUTOCOMMIT = 0;
START TRANSACTION;
SET time_zone = "+00:00";


/*!40101 SET @OLD_CHARACTER_SET_CLIENT=@@CHARACTER_SET_CLIENT */;
/*!40101 SET @OLD_CHARACTER_SET_RESULTS=@@CHARACTER_SET_RESULTS */;
/*!40101 SET @OLD_COLLATION_CONNECTION=@@COLLATION_CONNECTION */;
/*!40101 SET NAMES utf8mb4 */;

--
-- 資料庫： `gocamping`
--

-- --------------------------------------------------------

--
-- 資料表結構 `campsite_device`
--

CREATE TABLE `campsite_device` (
  `campDevice_id` int(11) NOT NULL COMMENT '設備編號',
  `camp_id` int(11) NOT NULL COMMENT '營區編號',
  `campDevice_name` varchar(255) COLLATE utf8_unicode_ci NOT NULL COMMENT '設備名稱'
) ENGINE=InnoDB DEFAULT CHARSET=utf8 COLLATE=utf8_unicode_ci;

-- --------------------------------------------------------

--
-- 資料表結構 `campsite_facility`
--

CREATE TABLE `campsite_facility` (
  `campFacility_id` int(11) NOT NULL COMMENT '設施編號',
  `camp_id` int(11) NOT NULL COMMENT '營區編號',
  `campFacility_name` varchar(255) COLLATE utf8_unicode_ci NOT NULL COMMENT '設施名稱'
) ENGINE=InnoDB DEFAULT CHARSET=utf8 COLLATE=utf8_unicode_ci;

-- --------------------------------------------------------

--
-- 資料表結構 `campsite_feature`
--

CREATE TABLE `campsite_feature` (
  `campFeature_id` int(11) NOT NULL COMMENT '特色編號',
  `camp_id` int(11) NOT NULL COMMENT '營區編號',
  `campFeature_name` varchar(255) COLLATE utf8_unicode_ci NOT NULL COMMENT '營區特色'
) ENGINE=InnoDB DEFAULT CHARSET=utf8 COLLATE=utf8_unicode_ci;

-- --------------------------------------------------------

--
-- 資料表結構 `campsite_image`
--

CREATE TABLE `campsite_image` (
  `campImg_id` int(11) NOT NULL COMMENT '圖片編號',
  `camp_id` int(11) NOT NULL COMMENT '營地編號',
  `campImg_name` varchar(255) COLLATE utf8_unicode_ci NOT NULL COMMENT '圖片名稱',
  `campImg_file` varchar(255) COLLATE utf8_unicode_ci NOT NULL COMMENT '圖片資料夾',
  `campImg_path` varchar(255) COLLATE utf8_unicode_ci NOT NULL COMMENT '圖片路徑'
) ENGINE=InnoDB DEFAULT CHARSET=utf8 COLLATE=utf8_unicode_ci;

-- --------------------------------------------------------

--
-- 資料表結構 `campsite_list`
--

CREATE TABLE `campsite_list` (
  `camp_id` int(11) NOT NULL COMMENT '營地編號',
  `camp_name` varchar(255) COLLATE utf8_unicode_ci NOT NULL COMMENT '營區名稱',
  `camp_address` varchar(255) COLLATE utf8_unicode_ci NOT NULL COMMENT '地址',
  `camp_location` varchar(255) COLLATE utf8_unicode_ci NOT NULL COMMENT '經緯度',
  `camp_tel` varchar(255) COLLATE utf8_unicode_ci NOT NULL COMMENT '聯絡電話',
  `camp_fax` varchar(255) COLLATE utf8_unicode_ci NOT NULL COMMENT '傳真',
  `camp_email` varchar(255) COLLATE utf8_unicode_ci NOT NULL COMMENT '電子郵件',
  `camp_ownerName` varchar(255) COLLATE utf8_unicode_ci NOT NULL COMMENT '聯絡人',
  `camp_openTime` varchar(255) COLLATE utf8_unicode_ci NOT NULL COMMENT '開放時間',
  `camp_target` varchar(255) COLLATE utf8_unicode_ci NOT NULL COMMENT '適合對象',
  `city_id` varchar(20) COLLATE utf8_unicode_ci NOT NULL COMMENT '城市',
  `dist_id` varchar(20) COLLATE utf8_unicode_ci NOT NULL COMMENT '地區'
) ENGINE=InnoDB DEFAULT CHARSET=utf8 COLLATE=utf8_unicode_ci;

--
-- 資料表的匯出資料 `campsite_list`
--

INSERT INTO `campsite_list` (`camp_id`, `camp_name`, `camp_address`, `camp_location`, `camp_tel`, `camp_fax`, `camp_email`, `camp_ownerName`, `camp_openTime`, `camp_target`, `city_id`, `dist_id`) VALUES
(1, '何方神聖慢活營', '新北市烏來區大羅蘭19號之1', '24.7737944,\r\n121.4788949', '02-2252-7966 ', '02-2252-7966 ', 'wang@gmail.com', '王先生', '平日10:00~20:00\r\n假日08:00~22:00', '可攜帶寵物', '新北市', '烏來區'),
(2, '何方神聖慢活營', '新北市烏來區大羅蘭19號之1', '24.7737944,\r\n121.4788949', '02-2252-7966 ', '02-2252-7966 ', 'wang02@gmail.com', '王先生02', '平日10:00~20:00\r\n假日08:00~22:00', '可攜帶寵物', '新北市', '烏來區'),
(3, '綠果子休憩站', '桃園市龍潭區中原路三段150巷66號', '24.881858,\r\n121.299778', '02-2252-7966 ', '02-2252-7966 ', 'lin@gmail.com', '林先生', '平日10:00~20:00\r\n假日08:00~22:00', '可攜帶寵物', '桃園市', '龍潭區'),
(5, '綠果子休憩站', '桃園市龍潭區中原路三段150巷66號', '24.881858,\r\n121.299778', '02-2252-7966 ', '02-2252-7966 ', 'lin02@gmail.com', '林先生02', '平日10:00~20:00\r\n假日08:00~22:00', '可攜帶寵物', '桃園市', '龍潭區'),
(6, '楓之谷露營區', '桃園市大溪區福山一路118-1號', '24.881858,\r\n121.299778', '02-2252-7966 ', '02-2252-7966 ', 'chen@gmail.com', '陳小姐', '平日10:00~20:00\r\n假日08:00~22:00', '可攜帶寵物', '桃園市', '大溪區'),
(7, '管園親子露營區', '桃園市龍潭區中原路三段150巷66號', '24.8261342,\r\n121.1875318', '02-2252-7966 ', '02-2252-7966 ', 'huang@gmail.com', '黃小姐', '平日10:00~20:00\r\n假日08:00~22:00', '親子遊樂', '桃園市', '龍潭區');

-- --------------------------------------------------------

--
-- 資料表結構 `campsite_price`
--

CREATE TABLE `campsite_price` (
  `campPrice_id` int(11) NOT NULL COMMENT '價格編號',
  `camp_id` int(11) NOT NULL COMMENT '營區編號',
  `campType_id` int(11) NOT NULL COMMENT '類型編號',
  `campPrice_weekday` varchar(255) COLLATE utf8_unicode_ci NOT NULL COMMENT '平日價格',
  `campPrice_weekend` varchar(255) COLLATE utf8_unicode_ci NOT NULL COMMENT '假日價格',
  `campPrice_holiday` varchar(255) COLLATE utf8_unicode_ci NOT NULL COMMENT '連假價格'
) ENGINE=InnoDB DEFAULT CHARSET=utf8 COLLATE=utf8_unicode_ci;

-- --------------------------------------------------------

--
-- 資料表結構 `campsite_type`
--

CREATE TABLE `campsite_type` (
  `campType_id` int(11) NOT NULL COMMENT '類型編號',
  `camp_id` int(11) NOT NULL COMMENT '營區編號',
  `campType_name` varchar(255) COLLATE utf8_unicode_ci NOT NULL COMMENT '類型名稱',
  `campArea` varchar(255) COLLATE utf8_unicode_ci NOT NULL COMMENT '區域',
  `campRoom_num` int(11) NOT NULL COMMENT '帳數'
) ENGINE=InnoDB DEFAULT CHARSET=utf8 COLLATE=utf8_unicode_ci;

-- --------------------------------------------------------

--
-- 資料表結構 `event_applylist`
--

CREATE TABLE `event_applylist` (
  `applyList_id` int(11) NOT NULL,
  `apply_id` varchar(255) NOT NULL,
  `event_id` varchar(255) NOT NULL,
  `applyList_name` varchar(255) NOT NULL,
  `applyList_idn` varchar(255) NOT NULL,
  `applyList_mobile` varchar(255) NOT NULL,
  `applyList_email` varchar(255) DEFAULT NULL,
  `applyList_emg` varchar(255) NOT NULL,
  `applyList_emgMobile` varchar(255) NOT NULL,
  `applyList_remark` text
) ENGINE=InnoDB DEFAULT CHARSET=utf8;

--
-- 資料表的匯出資料 `event_applylist`
--

INSERT INTO `event_applylist` (`applyList_id`, `apply_id`, `event_id`, `applyList_name`, `applyList_idn`, `applyList_mobile`, `applyList_email`, `applyList_emg`, `applyList_emgMobile`, `applyList_remark`) VALUES
(1, '1', '1', '張三1', 'P111111111', '0922222222', 'chang1@mail.com', '張三娘', '0966666666', ''),
(2, '1', '1', '張三2', 'P222222222', '0988888888', 'chang2@mail.com', '張三爹', '0966666666', NULL),
(3, '2', '9', '李四1', 'P322222222', '0988888888', 'li@mail.com', '李四娘', '0966666666', NULL),
(4, '2', '9', '李四2', 'P322222222', '0988888888', 'li@mail.com', '李四娘', '0966666666', NULL),
(5, '2', '9', '李四3', 'P322222222', '0988888888', 'li@mail.com', '李四娘', '0966666666', NULL),
(6, '2', '9', '李四4', 'P322222222', '0988888888', 'li@mail.com', '李四娘', '0966666666', NULL),
(7, '3', '3', '王朝1', 'P322222222', '0988888888', 'li@mail.com', '王朝娘', '0966666666', NULL),
(8, '3', '3', '王朝2', 'P322222222', '0988888888', 'li@mail.com', '王朝娘', '0966666666', NULL),
(9, '3', '3', '王朝3', 'P322222222', '0988888888', 'li@mail.com', '王朝娘', '0966666666', NULL),
(10, '3', '3', '王朝4', 'P322222222', '0988888888', 'li@mail.com', '王朝娘', '0966666666', NULL),
(11, '4', '11', '馬漢1', 'P322222222', '0988888888', 'li@mail.com', '馬漢爹', '0966666666', '00'),
(12, '4', '11', '馬漢2', 'P322222222', '0988888888', 'li@mail.com', '馬漢爹', '0966666666', '11'),
(13, '4', '11', '馬漢3', 'P322222222', '0988888888', 'li@mail.com', '馬漢爹', '0966666666', NULL),
(14, '4', '11', '馬漢4', 'P322222222', '0988888888', 'li@mail.com', '馬漢爹', '0966666666', NULL),
(15, '5', '14', '張龍1', 'P322222222', '0988888888', 'li@mail.com', '張龍1爹', '0966666666', '素食'),
(16, '5', '14', '張龍2', 'P322222222', '0988888888', 'li@mail.com', '張龍2爹', '0966666666', NULL),
(17, '5', '14', '張龍3', 'P322222222', '0988888888', 'li@mail.com', '張龍3爹', '0966666666', NULL),
(18, '6', '1', '趙虎1', 'P322222222', '0988888888', 'li@mail.com', '趙虎1爹', '0966666666', NULL),
(19, '6', '1', '趙虎2', 'P322222222', '0988888888', 'li@mail.com', '趙虎2爹', '0966666666', NULL),
(20, '23', '6', '王大媽', 'G222222222', '0922222222', NULL, '老王', '0933333333', NULL),
(21, '23', '6', '王大媽2', 'Q222222222', '0966666666', NULL, '老王2', '0911111111', NULL),
(22, '24', '9', '李大嬸', 'G222222222', '0922222222', NULL, '老李', '0933333333', NULL),
(23, '24', '9', '李大嬸2', 'Q222222222', '0966666666', NULL, '老李2', '0911111111', NULL),
(24, '25', '6', 'testelephant', 'Q222222222', '0966666666', '', 'testelephant', '0911111111', 'aa'),
(25, '25', '6', 'testelephant', 'Q222222222', '0966666666', '', 'testelephant', '0911111111', ''),
(26, '26', '16', 'testdog', 'Q222222222', '0966666666', 'dog@email.com', 'testdog', '0911111111', ''),
(27, '26', '16', 'testdog', 'Q222222222', '0966666666', 'testdog@email.com', 'testdog\'s Mom', '0911111111', ''),
(28, '26', '16', 'testdog', 'Q222222222', '0966666666', NULL, 'testdog', '0911111111', NULL),
(29, '26', '16', 'testdog', 'Q222222222', '0966666666', NULL, 'testdog', '0911111111', NULL),
(30, '27', '11', 'testdog', 'Q222222222', '0966666666', NULL, 'testdog', '0911111111', NULL),
(31, '27', '11', 'testdog', 'Q222222222', '0966666666', NULL, 'testdog', '0911111111', NULL),
(35, '30', '16', 'testmonkey', 'A1111111111', '0933555555', 'testmonkey@mail.com', 'testmonkey\'s Mom', '0988888888', ''),
(36, '30', '16', 'testmonkey2', 'A1111111111', '0933333333', 'testmonkey2@mail.com', 'testmonkey\'s Mom2', '0988888888', ''),
(48, '36', '19', 'testmonkey', 'A1111111111', '0933333333', 'testmonkey@mail.com', 'testdog\'s Mom', '0988888888', ''),
(49, '36', '19', 'testmonkey', 'A1111111111', '0933333333', 'testmonkey@mail.com', 'testdog\'s Mom', '0988888888', ''),
(54, '37', '19', 'testsheep', 'A1111111111', '0933333333', 'testsheep@mail.com', 'testdog\'s Mom', '0988888888', ''),
(55, '37', '19', 'testsheep', 'A1111111111', '0933333333', 'testsheep@mail.com', 'testdog\'s Mom', '0988888888', ''),
(58, '38', '20', 'testmonkey', 'A1111111111', '0922222222', 'testmonkey@mail.com', 'testsheep2\'s Dad', '0988888888', ''),
(59, '38', '20', 'testmonkey', 'A1111111111', '0922222222', 'testmonkey@mail.com', 'testsheep2\'s Dad', '0988888888', ''),
(60, '38', '20', 'testmonkey', 'A1111111111', '0922222222', 'testmonkey@mail.com', 'testsheep2\'s Dad', '0988888888', ''),
(61, '38', '20', 'testmonkey', 'A1111111111', '0922222222', 'testmonkey@mail.com', 'testsheep2\'s Dad', '0988888888', ''),
(62, '38', '20', 'testmonkey', 'A1111111111', '0922222222', 'testmonkey@mail.com', 'testsheep2\'s Dad', '0988888888', ''),
(63, '39', '20', 'testdog2', 'A1111111111', '0922222222', 'testdog2@mail.com', 'testdog\'s Mom', '0963654789', ''),
(64, '39', '20', 'testdog2', 'A1111111111', '0922222222', 'testdog2@mail.com', 'testdog\'s Mom', '0963654789', '');

-- --------------------------------------------------------

--
-- 資料表結構 `event_applyorder`
--

CREATE TABLE `event_applyorder` (
  `apply_id` int(11) NOT NULL,
  `event_id` varchar(255) NOT NULL,
  `mem_account` varchar(255) NOT NULL,
  `apply_num` varchar(2) NOT NULL,
  `apply_date` date NOT NULL,
  `apply_pay` int(11) DEFAULT NULL,
  `apply_order` int(11) DEFAULT NULL,
  `apply_amount` varchar(255) NOT NULL
) ENGINE=InnoDB DEFAULT CHARSET=utf8;

--
-- 資料表的匯出資料 `event_applyorder`
--

INSERT INTO `event_applyorder` (`apply_id`, `event_id`, `mem_account`, `apply_num`, `apply_date`, `apply_pay`, `apply_order`, `apply_amount`) VALUES
(1, '1', 'testdog', '2', '2019-05-23', 1, 1, ''),
(2, '9', 'testcat', '4', '2019-03-30', 0, 0, ''),
(3, '3', 'testrabbit', '4', '2019-03-23', 0, 1, ''),
(4, '11', 'testbear', '4', '2019-03-30', 0, 0, ''),
(5, '14', 'testpig', '3', '2019-04-30', 1, 0, ''),
(6, '1', 'testtiger', '2', '2019-04-30', NULL, NULL, ''),
(23, '6', 'testtiger', '2', '2019-03-18', NULL, NULL, '6000'),
(24, '9', 'testelephant', '2', '2019-03-18', NULL, NULL, '6000'),
(25, '6', 'testelephant', '2', '2019-03-18', 0, 1, '6000'),
(26, '16', 'testdog', '4', '2019-03-19', 1, 0, '10000'),
(27, '11', 'testdog', '2', '2019-03-19', NULL, NULL, '6000'),
(30, '16', 'testmonkey', '2', '2019-03-19', NULL, NULL, '6000'),
(36, '19', 'testmonkey', '2', '2019-03-20', NULL, NULL, '6000'),
(37, '19', 'testsheep', '2', '2019-03-20', NULL, NULL, '6000'),
(38, '20', 'mem22', '5', '2019-03-20', NULL, NULL, '11000'),
(39, '20', 'mem55', '2', '2019-03-20', NULL, NULL, '4400');

-- --------------------------------------------------------

--
-- 資料表結構 `event_list`
--

CREATE TABLE `event_list` (
  `event_id` int(11) NOT NULL,
  `event_name` varchar(255) NOT NULL,
  `event_intro` varchar(255) NOT NULL,
  `event_intro2` varchar(255) NOT NULL,
  `event_intro3` varchar(255) NOT NULL,
  `event_applyStart` date NOT NULL,
  `event_applyEnd` date NOT NULL,
  `event_dateStart` date NOT NULL,
  `event_dateEnd` date NOT NULL,
  `event_price` int(11) NOT NULL,
  `camp_id` varchar(255) NOT NULL,
  `event_upLimit` int(11) NOT NULL,
  `event_shelf` int(11) NOT NULL,
  `event_remark` varchar(255) NOT NULL,
  `event_imgName` varchar(255) NOT NULL
) ENGINE=InnoDB DEFAULT CHARSET=utf8;

--
-- 資料表的匯出資料 `event_list`
--

INSERT INTO `event_list` (`event_id`, `event_name`, `event_intro`, `event_intro2`, `event_intro3`, `event_applyStart`, `event_applyEnd`, `event_dateStart`, `event_dateEnd`, `event_price`, `camp_id`, `event_upLimit`, `event_shelf`, `event_remark`, `event_imgName`) VALUES
(1, '火金姑', '每年4、5月間是螢火蟲大量出沒的季節，當夜晚到來螢火蟲便點亮一盞盞微光穿梭草叢間，不僅為了求偶也有警告敵人的作用；近年來「賞螢」也成為夜間生態旅遊的熱門活動，小編特別為大家整理全台最推賞螢地點及攻略，一起去欣賞可愛「火金姑」發出愛的光芒吧！', '', '', '2019-03-24', '2019-04-21', '2019-05-18', '2019-05-19', 3000, '1', 40, 0, '', ''),
(3, '追逐流星的孩子', '象局天文站指出，象限儀座流星雨極大期將出現在1月4日，預估每小時最多有110顆流星，適逢農曆月底沒有...', '', '', '2019-05-05', '2019-06-09', '2019-08-03', '2019-08-04', 4000, '2', 30, 0, '', ''),
(6, '狂奔吧！流星雨', ' 象局天文站指出，象限儀座流星雨極大期將出現在1月4日，預估每小時最多有110顆流星，適逢農曆月底沒有... ', '', '', '2019-06-01', '2019-06-16', '2019-07-22', '2019-07-23', 4000, '3', 30, 0, ' ', ''),
(9, '親子同樂', '打造一個專注、輕鬆、愉悅的親子互動空間，以「啟發更多快樂的親子關係，創造更多親密家庭」為目的，鼓勵父母帶著寶貝一同來探索創意的親子互動！', '', '', '2019-05-05', '2019-05-19', '2019-06-16', '2019-06-17', 3500, '4', 50, 0, 'gsdffd', ''),
(11, '小小釣魚王', '打造一個專注、輕鬆、愉悅的親子互動空間，以「啟發更多快樂的親子關係，創造更多親密家庭」為目的，鼓勵父母帶著寶貝一同來探索創意的親子互動！', '', '', '2019-06-16', '2019-06-30', '2019-08-30', '2019-08-31', 4000, '5', 30, 0, '', ''),
(14, '都市俗，一起拔菜吧！', '   迎接暑假來臨，雲林縣府輔導社區推出山線、海線、平原共15條遊程，一年四季都可造訪，也有季節限定的農事體驗，包括拔蘿蔔體驗、拔花生體驗、煮醬油體驗等。\r\n\r\n現代人生活繁忙，接觸大自然最療育，雲林縣是台灣農業生產基地，縣府文化處綜合三年來的口碑，今夏推出農村體驗遊程，適合親子共遊，也潛移默化食農教育，深度成呈現農村魅力。   ', '  ', '  ', '2019-04-11', '2019-04-26', '2019-06-29', '2019-06-30', 2500, '6', 50, 0, '   ', ''),
(16, '親子同樂 笑呵呵', '    2019更新❤好玩的【大台北室內親子景點】懶人包-室內遊戲場/免費親子館/親子餐廳/博物館~豔陽天~下雨天~ 輕鬆遛小孩的親子好去處~ ...    ', '       vvvvvvvvvvvvvvvvvvvvvvvv   ', '      wwwwwwwwwwwwwwwwwwwwwwwwwwwwwwwwwwwww    ', '2019-04-11', '2019-04-26', '2019-06-29', '2019-06-30', 3500, '7', 35, 0, '     rryyyy', ''),
(19, 'ccc111111111111', '   bbbbbbbbbbb   ', '     00000000 ', '      ', '0000-00-00', '0000-00-00', '0000-00-00', '0000-00-00', 3000, '1', 20, 0, '   ', ''),
(20, 'test', 'test', 'testtesttest', 'testtesttesttest', '2019-04-20', '2019-05-20', '2019-07-10', '2019-07-11', 2200, '2', 30, 0, '', '');

-- --------------------------------------------------------

--
-- 資料表結構 `host_infolist`
--

CREATE TABLE `host_infolist` (
  `host_id` int(11) NOT NULL COMMENT 'id',
  `host_account` varchar(255) NOT NULL COMMENT '帳戶',
  `host_password` varchar(255) NOT NULL COMMENT '密碼',
  `host_parkName` varchar(255) NOT NULL COMMENT '園區名',
  `host_tel` varchar(255) NOT NULL COMMENT '連絡電話',
  `host_fax` varchar(255) DEFAULT NULL COMMENT '傳真號碼',
  `host_email` varchar(255) DEFAULT NULL COMMENT '電子郵件',
  `city_id` int(11) NOT NULL COMMENT '所在城市',
  `dist_id` int(11) NOT NULL COMMENT '所在地區',
  `host_address` varchar(255) NOT NULL COMMENT '詳細地址',
  `host_intro` text COMMENT '園區介紹'
) ENGINE=InnoDB DEFAULT CHARSET=utf8;

--
-- 資料表的匯出資料 `host_infolist`
--

INSERT INTO `host_infolist` (`host_id`, `host_account`, `host_password`, `host_parkName`, `host_tel`, `host_fax`, `host_email`, `city_id`, `dist_id`, `host_address`, `host_intro`) VALUES
(1, '帳號_001', '密碼_001', '小杵莊園_001', 'tel_001', 'fax_001', 'email_001', 1, 2, '地址_001', '介紹_001'),
(2, '帳號_002', '密碼_002', '小杵莊園_002', 'tel_002', 'fax_002', 'email_002', 1, 2, '地址_002', '介紹_002'),
(3, '帳號_003', '密碼_003', '小杵莊園_003', 'tel_003', 'fax_003', 'email_003', 1, 2, '地址_003', '介紹_003'),
(4, '帳號_004', '密碼_004', '小杵莊園_004', 'tel_004', 'fax_004', 'email_004', 1, 2, '地址_004', '介紹_004'),
(5, '帳號_005', '密碼_005', '小杵莊園_005', 'tel_005', 'fax_005', 'email_005', 1, 2, '地址_005', '介紹_005'),
(6, '帳號_006', '密碼_006', '小杵莊園_006', 'tel_006', 'fax_006', 'email_006', 1, 2, '地址_006', '介紹_006'),
(7, '帳號_007', '密碼_007', '小杵莊園_007', 'tel_007', 'fax_007', 'email_007', 1, 2, '地址_007', '介紹_007'),
(8, '帳號_008', '密碼_008', '小杵莊園_008', 'tel_008', 'fax_008', 'email_008', 1, 2, '地址_008', '介紹_008'),
(9, '帳號_009', '密碼_009', '小杵莊園_009', 'tel_009', 'fax_009', 'email_009', 1, 2, '地址_009', '介紹_009'),
(10, '帳號_010', '密碼_010', '小杵莊園_010', 'tel_010', 'fax_010', 'email_010', 1, 2, '地址_010', '介紹_010'),
(11, '帳號_011', '密碼_011', '小杵莊園_011', 'tel_011', 'fax_011', 'email_011', 1, 2, '地址_011', '介紹_011'),
(12, '帳號_012', '密碼_012', '小杵莊園_012', 'tel_012', 'fax_012', 'email_012', 1, 2, '地址_012', '介紹_012'),
(13, '帳號_013', '密碼_013', '小杵莊園_013', 'tel_013', 'fax_013', 'email_013', 1, 2, '地址_013', '介紹_013'),
(14, '帳號_014', '密碼_014', '小杵莊園_014', 'tel_014', 'fax_014', 'email_014', 1, 2, '地址_014', '介紹_014'),
(15, '帳號_015', '密碼_015', '小杵莊園_015', 'tel_015', 'fax_015', 'email_015', 1, 2, '地址_015', '介紹_015'),
(16, '帳號_016', '密碼_016', '小杵莊園_016', 'tel_016', 'fax_016', 'email_016', 1, 2, '地址_016', '介紹_016'),
(17, '帳號_017', '密碼_017', '小杵莊園_017', 'tel_017', 'fax_017', 'email_017', 1, 2, '地址_017', '介紹_017'),
(18, '帳號_018', '密碼_018', '小杵莊園_018', 'tel_018', 'fax_018', 'email_018', 1, 2, '地址_018', '介紹_018'),
(19, '帳號_019', '密碼_019', '小杵莊園_019', 'tel_019', 'fax_019', 'email_019', 1, 2, '地址_019', '介紹_019'),
(20, '帳號_020', '密碼_020', '小杵莊園_020', 'tel_020', 'fax_020', 'email_020', 1, 2, '地址_020', '介紹_020'),
(21, '帳號_021', '密碼_021', '小杵莊園_021', 'tel_021', 'fax_021', 'email_021', 1, 2, '地址_021', '介紹_021'),
(22, '帳號_022', '密碼_022', '小杵莊園_022', 'tel_022', 'fax_022', 'email_022', 1, 2, '地址_022', '介紹_022'),
(23, '帳號_023', '密碼_023', '小杵莊園_023', 'tel_023', 'fax_023', 'email_023', 1, 2, '地址_023', '介紹_023'),
(24, '帳號_024', '密碼_024', '小杵莊園_024', 'tel_024', 'fax_024', 'email_024', 1, 2, '地址_024', '介紹_024'),
(25, '帳號_025', '密碼_025', '小杵莊園_025', 'tel_025', 'fax_025', 'email_025', 1, 2, '地址_025', '介紹_025'),
(26, '帳號_026', '密碼_026', '小杵莊園_026', 'tel_026', 'fax_026', 'email_026', 1, 2, '地址_026', '介紹_026'),
(27, '帳號_027', '密碼_027', '小杵莊園_027', 'tel_027', 'fax_027', 'email_027', 1, 2, '地址_027', '介紹_027'),
(28, '帳號_028', '密碼_028', '小杵莊園_028', 'tel_028', 'fax_028', 'email_028', 1, 2, '地址_028', '介紹_028'),
(29, '帳號_029', '密碼_029', '小杵莊園_029', 'tel_029', 'fax_029', 'email_029', 1, 2, '地址_029', '介紹_029'),
(30, '帳號_030', '密碼_030', '小杵莊園_030', 'tel_030', 'fax_030', 'email_030', 1, 2, '地址_030', '介紹_030'),
(31, '帳號_031', '密碼_031', '小杵莊園_031', 'tel_031', 'fax_031', 'email_031', 1, 2, '地址_031', '介紹_031'),
(32, '帳號_032', '密碼_032', '小杵莊園_032', 'tel_032', 'fax_032', 'email_032', 1, 2, '地址_032', '介紹_032'),
(33, '帳號_033', '密碼_033', '小杵莊園_033', 'tel_033', 'fax_033', 'email_033', 1, 2, '地址_033', '介紹_033'),
(34, '帳號_034', '密碼_034', '小杵莊園_034', 'tel_034', 'fax_034', 'email_034', 1, 2, '地址_034', '介紹_034'),
(35, '帳號_035', '密碼_035', '小杵莊園_035', 'tel_035', 'fax_035', 'email_035', 1, 2, '地址_035', '介紹_035'),
(36, '帳號_036', '密碼_036', '小杵莊園_036', 'tel_036', 'fax_036', 'email_036', 1, 2, '地址_036', '介紹_036'),
(37, '帳號_037', '密碼_037', '小杵莊園_037', 'tel_037', 'fax_037', 'email_037', 1, 2, '地址_037', '介紹_037'),
(38, '帳號_038', '密碼_038', '小杵莊園_038', 'tel_038', 'fax_038', 'email_038', 1, 2, '地址_038', '介紹_038'),
(39, '帳號_039', '密碼_039', '小杵莊園_039', 'tel_039', 'fax_039', 'email_039', 1, 2, '地址_039', '介紹_039'),
(40, '帳號_040', '密碼_040', '小杵莊園_040', 'tel_040', 'fax_040', 'email_040', 1, 2, '地址_040', '介紹_040'),
(41, '帳號_041', '密碼_041', '小杵莊園_041', 'tel_041', 'fax_041', 'email_041', 1, 2, '地址_041', '介紹_041'),
(42, '帳號_042', '密碼_042', '小杵莊園_042', 'tel_042', 'fax_042', 'email_042', 1, 2, '地址_042', '介紹_042'),
(43, '帳號_043', '密碼_043', '小杵莊園_043', 'tel_043', 'fax_043', 'email_043', 1, 2, '地址_043', '介紹_043'),
(44, '帳號_044', '密碼_044', '小杵莊園_044', 'tel_044', 'fax_044', 'email_044', 1, 2, '地址_044', '介紹_044'),
(45, '帳號_045', '密碼_045', '小杵莊園_045', 'tel_045', 'fax_045', 'email_045', 1, 2, '地址_045', '介紹_045'),
(46, '帳號_046', '密碼_046', '小杵莊園_046', 'tel_046', 'fax_046', 'email_046', 1, 2, '地址_046', '介紹_046'),
(47, '帳號_047', '密碼_047', '小杵莊園_047', 'tel_047', 'fax_047', 'email_047', 1, 2, '地址_047', '介紹_047'),
(48, '帳號_048', '密碼_048', '小杵莊園_048', 'tel_048', 'fax_048', 'email_048', 1, 2, '地址_048', '介紹_048'),
(49, '帳號_049', '密碼_049', '小杵莊園_049', 'tel_049', 'fax_049', 'email_049', 1, 2, '地址_049', '介紹_049'),
(50, '帳號_050', '密碼_050', '小杵莊園_050', 'tel_050', 'fax_050', 'email_050', 1, 2, '地址_050', '介紹_050'),
(51, '帳號_051', '密碼_051', '小杵莊園_051', 'tel_051', 'fax_051', 'email_051', 1, 2, '地址_051', '介紹_051'),
(52, '帳號_052', '密碼_052', '小杵莊園_052', 'tel_052', 'fax_052', 'email_052', 1, 2, '地址_052', '介紹_052'),
(53, '帳號_053', '密碼_053', '小杵莊園_053', 'tel_053', 'fax_053', 'email_053', 1, 2, '地址_053', '介紹_053'),
(54, '帳號_054', '密碼_054', '小杵莊園_054', 'tel_054', 'fax_054', 'email_054', 1, 2, '地址_054', '介紹_054'),
(55, '帳號_055', '密碼_055', '小杵莊園_055', 'tel_055', 'fax_055', 'email_055', 1, 2, '地址_055', '介紹_055'),
(56, '帳號_056', '密碼_056', '小杵莊園_056', 'tel_056', 'fax_056', 'email_056', 1, 2, '地址_056', '介紹_056'),
(57, '帳號_057', '密碼_057', '小杵莊園_057', 'tel_057', 'fax_057', 'email_057', 1, 2, '地址_057', '介紹_057'),
(58, '帳號_058', '密碼_058', '小杵莊園_058', 'tel_058', 'fax_058', 'email_058', 1, 2, '地址_058', '介紹_058'),
(59, '帳號_059', '密碼_059', '小杵莊園_059', 'tel_059', 'fax_059', 'email_059', 1, 2, '地址_059', '介紹_059'),
(60, '帳號_060', '密碼_060', '小杵莊園_060', 'tel_060', 'fax_060', 'email_060', 1, 2, '地址_060', '介紹_060'),
(61, '帳號_061', '密碼_061', '小杵莊園_061', 'tel_061', 'fax_061', 'email_061', 1, 2, '地址_061', '介紹_061'),
(62, '帳號_062', '密碼_062', '小杵莊園_062', 'tel_062', 'fax_062', 'email_062', 1, 2, '地址_062', '介紹_062'),
(63, '帳號_063', '密碼_063', '小杵莊園_063', 'tel_063', 'fax_063', 'email_063', 1, 2, '地址_063', '介紹_063'),
(64, '帳號_064', '密碼_064', '小杵莊園_064', 'tel_064', 'fax_064', 'email_064', 1, 2, '地址_064', '介紹_064'),
(65, '帳號_065', '密碼_065', '小杵莊園_065', 'tel_065', 'fax_065', 'email_065', 1, 2, '地址_065', '介紹_065'),
(66, '帳號_066', '密碼_066', '小杵莊園_066', 'tel_066', 'fax_066', 'email_066', 1, 2, '地址_066', '介紹_066'),
(67, '帳號_067', '密碼_067', '小杵莊園_067', 'tel_067', 'fax_067', 'email_067', 1, 2, '地址_067', '介紹_067'),
(68, '帳號_068', '密碼_068', '小杵莊園_068', 'tel_068', 'fax_068', 'email_068', 1, 2, '地址_068', '介紹_068'),
(69, '帳號_069', '密碼_069', '小杵莊園_069', 'tel_069', 'fax_069', 'email_069', 1, 2, '地址_069', '介紹_069'),
(70, '帳號_070', '密碼_070', '小杵莊園_070', 'tel_070', 'fax_070', 'email_070', 1, 2, '地址_070', '介紹_070'),
(71, '帳號_071', '密碼_071', '小杵莊園_071', 'tel_071', 'fax_071', 'email_071', 1, 2, '地址_071', '介紹_071'),
(72, '帳號_072', '密碼_072', '小杵莊園_072', 'tel_072', 'fax_072', 'email_072', 1, 2, '地址_072', '介紹_072'),
(73, '帳號_073', '密碼_073', '小杵莊園_073', 'tel_073', 'fax_073', 'email_073', 1, 2, '地址_073', '介紹_073'),
(74, '帳號_074', '密碼_074', '小杵莊園_074', 'tel_074', 'fax_074', 'email_074', 1, 2, '地址_074', '介紹_074'),
(75, '帳號_075', '密碼_075', '小杵莊園_075', 'tel_075', 'fax_075', 'email_075', 1, 2, '地址_075', '介紹_075'),
(76, '帳號_076', '密碼_076', '小杵莊園_076', 'tel_076', 'fax_076', 'email_076', 1, 2, '地址_076', '介紹_076'),
(77, '帳號_077', '密碼_077', '小杵莊園_077', 'tel_077', 'fax_077', 'email_077', 1, 2, '地址_077', '介紹_077'),
(78, '帳號_078', '密碼_078', '小杵莊園_078', 'tel_078', 'fax_078', 'email_078', 1, 2, '地址_078', '介紹_078'),
(79, '帳號_079', '密碼_079', '小杵莊園_079', 'tel_079', 'fax_079', 'email_079', 1, 2, '地址_079', '介紹_079'),
(80, '帳號_080', '密碼_080', '小杵莊園_080', 'tel_080', 'fax_080', 'email_080', 1, 2, '地址_080', '介紹_080'),
(81, '帳號_081', '密碼_081', '小杵莊園_081', 'tel_081', 'fax_081', 'email_081', 1, 2, '地址_081', '介紹_081'),
(82, '帳號_082', '密碼_082', '小杵莊園_082', 'tel_082', 'fax_082', 'email_082', 1, 2, '地址_082', '介紹_082'),
(83, '帳號_083', '密碼_083', '小杵莊園_083', 'tel_083', 'fax_083', 'email_083', 1, 2, '地址_083', '介紹_083'),
(84, '帳號_084', '密碼_084', '小杵莊園_084', 'tel_084', 'fax_084', 'email_084', 1, 2, '地址_084', '介紹_084'),
(85, '帳號_085', '密碼_085', '小杵莊園_085', 'tel_085', 'fax_085', 'email_085', 1, 2, '地址_085', '介紹_085'),
(86, '帳號_086', '密碼_086', '小杵莊園_086', 'tel_086', 'fax_086', 'email_086', 1, 2, '地址_086', '介紹_086'),
(87, '帳號_087', '密碼_087', '小杵莊園_087', 'tel_087', 'fax_087', 'email_087', 1, 2, '地址_087', '介紹_087'),
(88, '帳號_088', '密碼_088', '小杵莊園_088', 'tel_088', 'fax_088', 'email_088', 1, 2, '地址_088', '介紹_088'),
(89, '帳號_089', '密碼_089', '小杵莊園_089', 'tel_089', 'fax_089', 'email_089', 1, 2, '地址_089', '介紹_089'),
(90, '帳號_090', '密碼_090', '小杵莊園_090', 'tel_090', 'fax_090', 'email_090', 1, 2, '地址_090', '介紹_090'),
(91, '帳號_091', '密碼_091', '小杵莊園_091', 'tel_091', 'fax_091', 'email_091', 1, 2, '地址_091', '介紹_091'),
(92, '帳號_092', '密碼_092', '小杵莊園_092', 'tel_092', 'fax_092', 'email_092', 1, 2, '地址_092', '介紹_092'),
(93, '帳號_093', '密碼_093', '小杵莊園_093', 'tel_093', 'fax_093', 'email_093', 1, 2, '地址_093', '介紹_093'),
(94, '帳號_094', '密碼_094', '小杵莊園_094', 'tel_094', 'fax_094', 'email_094', 1, 2, '地址_094', '介紹_094'),
(95, '帳號_095', '密碼_095', '小杵莊園_095', 'tel_095', 'fax_095', 'email_095', 1, 2, '地址_095', '介紹_095'),
(96, '帳號_096', '密碼_096', '小杵莊園_096', 'tel_096', 'fax_096', 'email_096', 1, 2, '地址_096', '介紹_096'),
(97, '帳號_097', '密碼_097', '小杵莊園_097', 'tel_097', 'fax_097', 'email_097', 1, 2, '地址_097', '介紹_097'),
(98, '帳號_098', '密碼_098', '小杵莊園_098', 'tel_098', 'fax_098', 'email_098', 1, 2, '地址_098', '介紹_098'),
(99, '帳號_099', '密碼_099', '小杵莊園_099', 'tel_099', 'fax_099', 'email_099', 1, 2, '地址_099', '介紹_099'),
(100, '帳號_100', '密碼_100', '小杵莊園_100', 'tel_100', 'fax_100', 'email_100', 1, 2, '地址_100', '介紹_100'),
(101, '帳號_101', '密碼_101', '小杵莊園_101', 'tel_101', 'fax_101', 'email_101', 1, 2, '地址_101', '介紹_101'),
(102, '帳號_102', '密碼_102', '小杵莊園_102', 'tel_102', 'fax_102', 'email_102', 1, 2, '地址_102', '介紹_102'),
(103, '帳號_103', '密碼_103', '小杵莊園_103', 'tel_103', 'fax_103', 'email_103', 1, 2, '地址_103', '介紹_103'),
(104, '帳號_104', '密碼_104', '小杵莊園_104', 'tel_104', 'fax_104', 'email_104', 1, 2, '地址_104', '介紹_104'),
(105, '帳號_105', '密碼_105', '小杵莊園_105', 'tel_105', 'fax_105', 'email_105', 1, 2, '地址_105', '介紹_105'),
(106, '帳號_106', '密碼_106', '小杵莊園_106', 'tel_106', 'fax_106', 'email_106', 1, 2, '地址_106', '介紹_106'),
(107, '帳號_107', '密碼_107', '小杵莊園_107', 'tel_107', 'fax_107', 'email_107', 1, 2, '地址_107', '介紹_107'),
(108, '帳號_108', '密碼_108', '小杵莊園_108', 'tel_108', 'fax_108', 'email_108', 1, 2, '地址_108', '介紹_108'),
(109, '帳號_109', '密碼_109', '小杵莊園_109', 'tel_109', 'fax_109', 'email_109', 1, 2, '地址_109', '介紹_109'),
(110, '帳號_110', '密碼_110', '小杵莊園_110', 'tel_110', 'fax_110', 'email_110', 1, 2, '地址_110', '介紹_110'),
(111, '帳號_111', '密碼_111', '小杵莊園_111', 'tel_111', 'fax_111', 'email_111', 1, 2, '地址_111', '介紹_111'),
(112, '帳號_112', '密碼_112', '小杵莊園_112', 'tel_112', 'fax_112', 'email_112', 1, 2, '地址_112', '介紹_112'),
(113, '帳號_113', '密碼_113', '小杵莊園_113', 'tel_113', 'fax_113', 'email_113', 1, 2, '地址_113', '介紹_113'),
(114, '帳號_114', '密碼_114', '小杵莊園_114', 'tel_114', 'fax_114', 'email_114', 1, 2, '地址_114', '介紹_114'),
(115, '帳號_115', '密碼_115', '小杵莊園_115', 'tel_115', 'fax_115', 'email_115', 1, 2, '地址_115', '介紹_115'),
(116, '帳號_116', '密碼_116', '小杵莊園_116', 'tel_116', 'fax_116', 'email_116', 1, 2, '地址_116', '介紹_116'),
(117, '帳號_117', '密碼_117', '小杵莊園_117', 'tel_117', 'fax_117', 'email_117', 1, 2, '地址_117', '介紹_117'),
(118, '帳號_118', '密碼_118', '小杵莊園_118', 'tel_118', 'fax_118', 'email_118', 1, 2, '地址_118', '介紹_118'),
(119, '帳號_119', '密碼_119', '小杵莊園_119', 'tel_119', 'fax_119', 'email_119', 1, 2, '地址_119', '介紹_119'),
(120, '帳號_120', '密碼_120', '小杵莊園_120', 'tel_120', 'fax_120', 'email_120', 1, 2, '地址_120', '介紹_120'),
(121, '帳號_121', '密碼_121', '小杵莊園_121', 'tel_121', 'fax_121', 'email_121', 1, 2, '地址_121', '介紹_121'),
(122, '帳號_122', '密碼_122', '小杵莊園_122', 'tel_122', 'fax_122', 'email_122', 1, 2, '地址_122', '介紹_122'),
(123, '帳號_123', '密碼_123', '小杵莊園_123', 'tel_123', 'fax_123', 'email_123', 1, 2, '地址_123', '介紹_123'),
(124, '帳號_124', '密碼_124', '小杵莊園_124', 'tel_124', 'fax_124', 'email_124', 1, 2, '地址_124', '介紹_124'),
(125, '帳號_125', '密碼_125', '小杵莊園_125', 'tel_125', 'fax_125', 'email_125', 1, 2, '地址_125', '介紹_125'),
(126, '帳號_126', '密碼_126', '小杵莊園_126', 'tel_126', 'fax_126', 'email_126', 1, 2, '地址_126', '介紹_126'),
(127, '帳號_127', '密碼_127', '小杵莊園_127', 'tel_127', 'fax_127', 'email_127', 1, 2, '地址_127', '介紹_127'),
(128, '帳號_128', '密碼_128', '小杵莊園_128', 'tel_128', 'fax_128', 'email_128', 1, 2, '地址_128', '介紹_128'),
(129, '帳號_129', '密碼_129', '小杵莊園_129', 'tel_129', 'fax_129', 'email_129', 1, 2, '地址_129', '介紹_129'),
(130, '帳號_130', '密碼_130', '小杵莊園_130', 'tel_130', 'fax_130', 'email_130', 1, 2, '地址_130', '介紹_130'),
(131, '帳號_131', '密碼_131', '小杵莊園_131', 'tel_131', 'fax_131', 'email_131', 1, 2, '地址_131', '介紹_131'),
(132, '帳號_132', '密碼_132', '小杵莊園_132', 'tel_132', 'fax_132', 'email_132', 1, 2, '地址_132', '介紹_132'),
(133, '帳號_133', '密碼_133', '小杵莊園_133', 'tel_133', 'fax_133', 'email_133', 1, 2, '地址_133', '介紹_133'),
(134, '帳號_134', '密碼_134', '小杵莊園_134', 'tel_134', 'fax_134', 'email_134', 1, 2, '地址_134', '介紹_134'),
(135, '帳號_135', '密碼_135', '小杵莊園_135', 'tel_135', 'fax_135', 'email_135', 1, 2, '地址_135', '介紹_135'),
(136, '帳號_136', '密碼_136', '小杵莊園_136', 'tel_136', 'fax_136', 'email_136', 1, 2, '地址_136', '介紹_136'),
(137, '帳號_137', '密碼_137', '小杵莊園_137', 'tel_137', 'fax_137', 'email_137', 1, 2, '地址_137', '介紹_137'),
(138, '帳號_138', '密碼_138', '小杵莊園_138', 'tel_138', 'fax_138', 'email_138', 1, 2, '地址_138', '介紹_138'),
(139, '帳號_139', '密碼_139', '小杵莊園_139', 'tel_139', 'fax_139', 'email_139', 1, 2, '地址_139', '介紹_139'),
(140, '帳號_140', '密碼_140', '小杵莊園_140', 'tel_140', 'fax_140', 'email_140', 1, 2, '地址_140', '介紹_140'),
(141, '帳號_141', '密碼_141', '小杵莊園_141', 'tel_141', 'fax_141', 'email_141', 1, 2, '地址_141', '介紹_141'),
(142, '帳號_142', '密碼_142', '小杵莊園_142', 'tel_142', 'fax_142', 'email_142', 1, 2, '地址_142', '介紹_142'),
(143, '帳號_143', '密碼_143', '小杵莊園_143', 'tel_143', 'fax_143', 'email_143', 1, 2, '地址_143', '介紹_143'),
(144, '帳號_144', '密碼_144', '小杵莊園_144', 'tel_144', 'fax_144', 'email_144', 1, 2, '地址_144', '介紹_144'),
(145, '帳號_145', '密碼_145', '小杵莊園_145', 'tel_145', 'fax_145', 'email_145', 1, 2, '地址_145', '介紹_145'),
(146, '帳號_146', '密碼_146', '小杵莊園_146', 'tel_146', 'fax_146', 'email_146', 1, 2, '地址_146', '介紹_146'),
(147, '帳號_147', '密碼_147', '小杵莊園_147', 'tel_147', 'fax_147', 'email_147', 1, 2, '地址_147', '介紹_147'),
(148, '帳號_148', '密碼_148', '小杵莊園_148', 'tel_148', 'fax_148', 'email_148', 1, 2, '地址_148', '介紹_148'),
(149, '帳號_149', '密碼_149', '小杵莊園_149', 'tel_149', 'fax_149', 'email_149', 1, 2, '地址_149', '介紹_149'),
(150, '帳號_150', '密碼_150', '小杵莊園_150', 'tel_150', 'fax_150', 'email_150', 1, 2, '地址_150', '介紹_150'),
(151, '帳號_151', '密碼_151', '小杵莊園_151', 'tel_151', 'fax_151', 'email_151', 1, 2, '地址_151', '介紹_151'),
(152, '帳號_152', '密碼_152', '小杵莊園_152', 'tel_152', 'fax_152', 'email_152', 1, 2, '地址_152', '介紹_152'),
(153, '帳號_153', '密碼_153', '小杵莊園_153', 'tel_153', 'fax_153', 'email_153', 1, 2, '地址_153', '介紹_153'),
(154, '帳號_154', '密碼_154', '小杵莊園_154', 'tel_154', 'fax_154', 'email_154', 1, 2, '地址_154', '介紹_154'),
(155, '帳號_155', '密碼_155', '小杵莊園_155', 'tel_155', 'fax_155', 'email_155', 1, 2, '地址_155', '介紹_155'),
(156, '帳號_156', '密碼_156', '小杵莊園_156', 'tel_156', 'fax_156', 'email_156', 1, 2, '地址_156', '介紹_156'),
(157, '帳號_157', '密碼_157', '小杵莊園_157', 'tel_157', 'fax_157', 'email_157', 1, 2, '地址_157', '介紹_157'),
(158, '帳號_158', '密碼_158', '小杵莊園_158', 'tel_158', 'fax_158', 'email_158', 1, 2, '地址_158', '介紹_158'),
(159, '帳號_159', '密碼_159', '小杵莊園_159', 'tel_159', 'fax_159', 'email_159', 1, 2, '地址_159', '介紹_159'),
(160, '帳號_160', '密碼_160', '小杵莊園_160', 'tel_160', 'fax_160', 'email_160', 1, 2, '地址_160', '介紹_160'),
(161, '帳號_161', '密碼_161', '小杵莊園_161', 'tel_161', 'fax_161', 'email_161', 1, 2, '地址_161', '介紹_161'),
(162, '帳號_162', '密碼_162', '小杵莊園_162', 'tel_162', 'fax_162', 'email_162', 1, 2, '地址_162', '介紹_162'),
(163, '帳號_163', '密碼_163', '小杵莊園_163', 'tel_163', 'fax_163', 'email_163', 1, 2, '地址_163', '介紹_163'),
(164, '帳號_164', '密碼_164', '小杵莊園_164', 'tel_164', 'fax_164', 'email_164', 1, 2, '地址_164', '介紹_164'),
(165, '帳號_165', '密碼_165', '小杵莊園_165', 'tel_165', 'fax_165', 'email_165', 1, 2, '地址_165', '介紹_165'),
(166, '帳號_166', '密碼_166', '小杵莊園_166', 'tel_166', 'fax_166', 'email_166', 1, 2, '地址_166', '介紹_166'),
(167, '帳號_167', '密碼_167', '小杵莊園_167', 'tel_167', 'fax_167', 'email_167', 1, 2, '地址_167', '介紹_167'),
(168, '帳號_168', '密碼_168', '小杵莊園_168', 'tel_168', 'fax_168', 'email_168', 1, 2, '地址_168', '介紹_168'),
(169, '帳號_169', '密碼_169', '小杵莊園_169', 'tel_169', 'fax_169', 'email_169', 1, 2, '地址_169', '介紹_169'),
(170, '帳號_170', '密碼_170', '小杵莊園_170', 'tel_170', 'fax_170', 'email_170', 1, 2, '地址_170', '介紹_170'),
(171, '帳號_171', '密碼_171', '小杵莊園_171', 'tel_171', 'fax_171', 'email_171', 1, 2, '地址_171', '介紹_171'),
(172, '帳號_172', '密碼_172', '小杵莊園_172', 'tel_172', 'fax_172', 'email_172', 1, 2, '地址_172', '介紹_172'),
(173, '帳號_173', '密碼_173', '小杵莊園_173', 'tel_173', 'fax_173', 'email_173', 1, 2, '地址_173', '介紹_173'),
(174, '帳號_174', '密碼_174', '小杵莊園_174', 'tel_174', 'fax_174', 'email_174', 1, 2, '地址_174', '介紹_174'),
(175, '帳號_175', '密碼_175', '小杵莊園_175', 'tel_175', 'fax_175', 'email_175', 1, 2, '地址_175', '介紹_175'),
(176, '帳號_176', '密碼_176', '小杵莊園_176', 'tel_176', 'fax_176', 'email_176', 1, 2, '地址_176', '介紹_176'),
(177, '帳號_177', '密碼_177', '小杵莊園_177', 'tel_177', 'fax_177', 'email_177', 1, 2, '地址_177', '介紹_177'),
(178, '帳號_178', '密碼_178', '小杵莊園_178', 'tel_178', 'fax_178', 'email_178', 1, 2, '地址_178', '介紹_178'),
(179, '帳號_179', '密碼_179', '小杵莊園_179', 'tel_179', 'fax_179', 'email_179', 1, 2, '地址_179', '介紹_179'),
(180, '帳號_180', '密碼_180', '小杵莊園_180', 'tel_180', 'fax_180', 'email_180', 1, 2, '地址_180', '介紹_180'),
(181, '帳號_181', '密碼_181', '小杵莊園_181', 'tel_181', 'fax_181', 'email_181', 1, 2, '地址_181', '介紹_181'),
(182, '帳號_182', '密碼_182', '小杵莊園_182', 'tel_182', 'fax_182', 'email_182', 1, 2, '地址_182', '介紹_182'),
(183, '帳號_183', '密碼_183', '小杵莊園_183', 'tel_183', 'fax_183', 'email_183', 1, 2, '地址_183', '介紹_183'),
(184, '帳號_184', '密碼_184', '小杵莊園_184', 'tel_184', 'fax_184', 'email_184', 1, 2, '地址_184', '介紹_184'),
(185, '帳號_185', '密碼_185', '小杵莊園_185', 'tel_185', 'fax_185', 'email_185', 1, 2, '地址_185', '介紹_185'),
(186, '帳號_186', '密碼_186', '小杵莊園_186', 'tel_186', 'fax_186', 'email_186', 1, 2, '地址_186', '介紹_186'),
(187, '帳號_187', '密碼_187', '小杵莊園_187', 'tel_187', 'fax_187', 'email_187', 1, 2, '地址_187', '介紹_187'),
(188, '帳號_188', '密碼_188', '小杵莊園_188', 'tel_188', 'fax_188', 'email_188', 1, 2, '地址_188', '介紹_188'),
(189, '帳號_189', '密碼_189', '小杵莊園_189', 'tel_189', 'fax_189', 'email_189', 1, 2, '地址_189', '介紹_189'),
(190, '帳號_190', '密碼_190', '小杵莊園_190', 'tel_190', 'fax_190', 'email_190', 1, 2, '地址_190', '介紹_190'),
(191, '帳號_191', '密碼_191', '小杵莊園_191', 'tel_191', 'fax_191', 'email_191', 1, 2, '地址_191', '介紹_191'),
(192, '帳號_192', '密碼_192', '小杵莊園_192', 'tel_192', 'fax_192', 'email_192', 1, 2, '地址_192', '介紹_192'),
(193, '帳號_193', '密碼_193', '小杵莊園_193', 'tel_193', 'fax_193', 'email_193', 1, 2, '地址_193', '介紹_193'),
(194, '帳號_194', '密碼_194', '小杵莊園_194', 'tel_194', 'fax_194', 'email_194', 1, 2, '地址_194', '介紹_194'),
(195, '帳號_195', '密碼_195', '小杵莊園_195', 'tel_195', 'fax_195', 'email_195', 1, 2, '地址_195', '介紹_195'),
(196, '帳號_196', '密碼_196', '小杵莊園_196', 'tel_196', 'fax_196', 'email_196', 1, 2, '地址_196', '介紹_196'),
(197, '帳號_197', '密碼_197', '小杵莊園_197', 'tel_197', 'fax_197', 'email_197', 1, 2, '地址_197', '介紹_197'),
(198, '帳號_198', '密碼_198', '小杵莊園_198', 'tel_198', 'fax_198', 'email_198', 1, 2, '地址_198', '介紹_198'),
(199, '帳號_199', '密碼_199', '小杵莊園_199', 'tel_199', 'fax_199', 'email_199', 1, 2, '地址_199', '介紹_199'),
(200, '帳號_200', '密碼_200', '小杵莊園_200', 'tel_200', 'fax_200', 'email_200', 1, 2, '地址_200', '介紹_200');

-- --------------------------------------------------------

--
-- 資料表結構 `host_payment`
--

CREATE TABLE `host_payment` (
  `host_id` int(11) NOT NULL COMMENT '營地主id',
  `host_paymentTypeId` int(11) NOT NULL COMMENT '付款方式id',
  `host_paymentAddress` varchar(255) NOT NULL COMMENT '收款地址',
  `host_bankIBAN` varchar(255) DEFAULT NULL COMMENT '銀行IBAN碼',
  `host_bankSWIFT` varchar(255) DEFAULT NULL COMMENT '銀行SWIFT碼'
) ENGINE=InnoDB DEFAULT CHARSET=utf8mb4;

--
-- 資料表的匯出資料 `host_payment`
--

INSERT INTO `host_payment` (`host_id`, `host_paymentTypeId`, `host_paymentAddress`, `host_bankIBAN`, `host_bankSWIFT`) VALUES
(1, 1, '收款地址_001', 'IBAN_001', 'SWIFT_001'),
(2, 2, '收款地址_002', 'IBAN_002', 'SWIFT_002'),
(3, 1, '收款地址_003', 'IBAN_003', 'SWIFT_003'),
(4, 2, '收款地址_004', 'IBAN_004', 'SWIFT_004'),
(5, 1, '收款地址_005', 'IBAN_005', 'SWIFT_005'),
(6, 2, '收款地址_006', 'IBAN_006', 'SWIFT_006'),
(7, 1, '收款地址_007', 'IBAN_007', 'SWIFT_007'),
(8, 2, '收款地址_008', 'IBAN_008', 'SWIFT_008'),
(9, 1, '收款地址_009', 'IBAN_009', 'SWIFT_009'),
(10, 2, '收款地址_010', 'IBAN_010', 'SWIFT_010'),
(11, 1, '收款地址_011', 'IBAN_011', 'SWIFT_011'),
(12, 2, '收款地址_012', 'IBAN_012', 'SWIFT_012'),
(13, 1, '收款地址_013', 'IBAN_013', 'SWIFT_013'),
(14, 2, '收款地址_014', 'IBAN_014', 'SWIFT_014'),
(15, 1, '收款地址_015', 'IBAN_015', 'SWIFT_015'),
(16, 2, '收款地址_016', 'IBAN_016', 'SWIFT_016'),
(17, 1, '收款地址_017', 'IBAN_017', 'SWIFT_017'),
(18, 2, '收款地址_018', 'IBAN_018', 'SWIFT_018'),
(19, 1, '收款地址_019', 'IBAN_019', 'SWIFT_019'),
(20, 2, '收款地址_020', 'IBAN_020', 'SWIFT_020'),
(21, 1, '收款地址_021', 'IBAN_021', 'SWIFT_021'),
(22, 2, '收款地址_022', 'IBAN_022', 'SWIFT_022'),
(23, 1, '收款地址_023', 'IBAN_023', 'SWIFT_023'),
(24, 2, '收款地址_024', 'IBAN_024', 'SWIFT_024'),
(25, 1, '收款地址_025', 'IBAN_025', 'SWIFT_025'),
(26, 2, '收款地址_026', 'IBAN_026', 'SWIFT_026'),
(27, 1, '收款地址_027', 'IBAN_027', 'SWIFT_027'),
(28, 2, '收款地址_028', 'IBAN_028', 'SWIFT_028'),
(29, 1, '收款地址_029', 'IBAN_029', 'SWIFT_029'),
(30, 2, '收款地址_030', 'IBAN_030', 'SWIFT_030'),
(31, 1, '收款地址_031', 'IBAN_031', 'SWIFT_031'),
(32, 2, '收款地址_032', 'IBAN_032', 'SWIFT_032'),
(33, 1, '收款地址_033', 'IBAN_033', 'SWIFT_033'),
(34, 2, '收款地址_034', 'IBAN_034', 'SWIFT_034'),
(35, 1, '收款地址_035', 'IBAN_035', 'SWIFT_035'),
(36, 2, '收款地址_036', 'IBAN_036', 'SWIFT_036'),
(37, 1, '收款地址_037', 'IBAN_037', 'SWIFT_037'),
(38, 2, '收款地址_038', 'IBAN_038', 'SWIFT_038'),
(39, 1, '收款地址_039', 'IBAN_039', 'SWIFT_039'),
(40, 2, '收款地址_040', 'IBAN_040', 'SWIFT_040'),
(41, 1, '收款地址_041', 'IBAN_041', 'SWIFT_041'),
(42, 2, '收款地址_042', 'IBAN_042', 'SWIFT_042'),
(43, 1, '收款地址_043', 'IBAN_043', 'SWIFT_043'),
(44, 2, '收款地址_044', 'IBAN_044', 'SWIFT_044'),
(45, 1, '收款地址_045', 'IBAN_045', 'SWIFT_045'),
(46, 2, '收款地址_046', 'IBAN_046', 'SWIFT_046'),
(47, 1, '收款地址_047', 'IBAN_047', 'SWIFT_047'),
(48, 2, '收款地址_048', 'IBAN_048', 'SWIFT_048'),
(49, 1, '收款地址_049', 'IBAN_049', 'SWIFT_049'),
(50, 2, '收款地址_050', 'IBAN_050', 'SWIFT_050'),
(51, 1, '收款地址_051', 'IBAN_051', 'SWIFT_051'),
(52, 2, '收款地址_052', 'IBAN_052', 'SWIFT_052'),
(53, 1, '收款地址_053', 'IBAN_053', 'SWIFT_053'),
(54, 2, '收款地址_054', 'IBAN_054', 'SWIFT_054'),
(55, 1, '收款地址_055', 'IBAN_055', 'SWIFT_055'),
(56, 2, '收款地址_056', 'IBAN_056', 'SWIFT_056'),
(57, 1, '收款地址_057', 'IBAN_057', 'SWIFT_057'),
(58, 2, '收款地址_058', 'IBAN_058', 'SWIFT_058'),
(59, 1, '收款地址_059', 'IBAN_059', 'SWIFT_059'),
(60, 2, '收款地址_060', 'IBAN_060', 'SWIFT_060'),
(61, 1, '收款地址_061', 'IBAN_061', 'SWIFT_061'),
(62, 2, '收款地址_062', 'IBAN_062', 'SWIFT_062'),
(63, 1, '收款地址_063', 'IBAN_063', 'SWIFT_063'),
(64, 2, '收款地址_064', 'IBAN_064', 'SWIFT_064'),
(65, 1, '收款地址_065', 'IBAN_065', 'SWIFT_065'),
(66, 2, '收款地址_066', 'IBAN_066', 'SWIFT_066'),
(67, 1, '收款地址_067', 'IBAN_067', 'SWIFT_067'),
(68, 2, '收款地址_068', 'IBAN_068', 'SWIFT_068'),
(69, 1, '收款地址_069', 'IBAN_069', 'SWIFT_069'),
(70, 2, '收款地址_070', 'IBAN_070', 'SWIFT_070'),
(71, 1, '收款地址_071', 'IBAN_071', 'SWIFT_071'),
(72, 2, '收款地址_072', 'IBAN_072', 'SWIFT_072'),
(73, 1, '收款地址_073', 'IBAN_073', 'SWIFT_073'),
(74, 2, '收款地址_074', 'IBAN_074', 'SWIFT_074'),
(75, 1, '收款地址_075', 'IBAN_075', 'SWIFT_075'),
(76, 2, '收款地址_076', 'IBAN_076', 'SWIFT_076'),
(77, 1, '收款地址_077', 'IBAN_077', 'SWIFT_077'),
(78, 2, '收款地址_078', 'IBAN_078', 'SWIFT_078'),
(79, 1, '收款地址_079', 'IBAN_079', 'SWIFT_079'),
(80, 2, '收款地址_080', 'IBAN_080', 'SWIFT_080'),
(81, 1, '收款地址_081', 'IBAN_081', 'SWIFT_081'),
(82, 2, '收款地址_082', 'IBAN_082', 'SWIFT_082'),
(83, 1, '收款地址_083', 'IBAN_083', 'SWIFT_083'),
(84, 2, '收款地址_084', 'IBAN_084', 'SWIFT_084'),
(85, 1, '收款地址_085', 'IBAN_085', 'SWIFT_085'),
(86, 2, '收款地址_086', 'IBAN_086', 'SWIFT_086'),
(87, 1, '收款地址_087', 'IBAN_087', 'SWIFT_087'),
(88, 2, '收款地址_088', 'IBAN_088', 'SWIFT_088'),
(89, 1, '收款地址_089', 'IBAN_089', 'SWIFT_089'),
(90, 2, '收款地址_090', 'IBAN_090', 'SWIFT_090'),
(91, 1, '收款地址_091', 'IBAN_091', 'SWIFT_091'),
(92, 2, '收款地址_092', 'IBAN_092', 'SWIFT_092'),
(93, 1, '收款地址_093', 'IBAN_093', 'SWIFT_093'),
(94, 2, '收款地址_094', 'IBAN_094', 'SWIFT_094'),
(95, 1, '收款地址_095', 'IBAN_095', 'SWIFT_095'),
(96, 2, '收款地址_096', 'IBAN_096', 'SWIFT_096'),
(97, 1, '收款地址_097', 'IBAN_097', 'SWIFT_097'),
(98, 2, '收款地址_098', 'IBAN_098', 'SWIFT_098'),
(99, 1, '收款地址_099', 'IBAN_099', 'SWIFT_099'),
(100, 2, '收款地址_100', 'IBAN_100', 'SWIFT_100'),
(101, 1, '收款地址_101', 'IBAN_101', 'SWIFT_101'),
(102, 2, '收款地址_102', 'IBAN_102', 'SWIFT_102'),
(103, 1, '收款地址_103', 'IBAN_103', 'SWIFT_103'),
(104, 2, '收款地址_104', 'IBAN_104', 'SWIFT_104'),
(105, 1, '收款地址_105', 'IBAN_105', 'SWIFT_105'),
(106, 2, '收款地址_106', 'IBAN_106', 'SWIFT_106'),
(107, 1, '收款地址_107', 'IBAN_107', 'SWIFT_107'),
(108, 2, '收款地址_108', 'IBAN_108', 'SWIFT_108'),
(109, 1, '收款地址_109', 'IBAN_109', 'SWIFT_109'),
(110, 2, '收款地址_110', 'IBAN_110', 'SWIFT_110'),
(111, 1, '收款地址_111', 'IBAN_111', 'SWIFT_111'),
(112, 2, '收款地址_112', 'IBAN_112', 'SWIFT_112'),
(113, 1, '收款地址_113', 'IBAN_113', 'SWIFT_113'),
(114, 2, '收款地址_114', 'IBAN_114', 'SWIFT_114'),
(115, 1, '收款地址_115', 'IBAN_115', 'SWIFT_115'),
(116, 2, '收款地址_116', 'IBAN_116', 'SWIFT_116'),
(117, 1, '收款地址_117', 'IBAN_117', 'SWIFT_117'),
(118, 2, '收款地址_118', 'IBAN_118', 'SWIFT_118'),
(119, 1, '收款地址_119', 'IBAN_119', 'SWIFT_119'),
(120, 2, '收款地址_120', 'IBAN_120', 'SWIFT_120'),
(121, 1, '收款地址_121', 'IBAN_121', 'SWIFT_121'),
(122, 2, '收款地址_122', 'IBAN_122', 'SWIFT_122'),
(123, 1, '收款地址_123', 'IBAN_123', 'SWIFT_123'),
(124, 2, '收款地址_124', 'IBAN_124', 'SWIFT_124'),
(125, 1, '收款地址_125', 'IBAN_125', 'SWIFT_125'),
(126, 2, '收款地址_126', 'IBAN_126', 'SWIFT_126'),
(127, 1, '收款地址_127', 'IBAN_127', 'SWIFT_127'),
(128, 2, '收款地址_128', 'IBAN_128', 'SWIFT_128'),
(129, 1, '收款地址_129', 'IBAN_129', 'SWIFT_129'),
(130, 2, '收款地址_130', 'IBAN_130', 'SWIFT_130'),
(131, 1, '收款地址_131', 'IBAN_131', 'SWIFT_131'),
(132, 2, '收款地址_132', 'IBAN_132', 'SWIFT_132'),
(133, 1, '收款地址_133', 'IBAN_133', 'SWIFT_133'),
(134, 2, '收款地址_134', 'IBAN_134', 'SWIFT_134'),
(135, 1, '收款地址_135', 'IBAN_135', 'SWIFT_135'),
(136, 2, '收款地址_136', 'IBAN_136', 'SWIFT_136'),
(137, 1, '收款地址_137', 'IBAN_137', 'SWIFT_137'),
(138, 2, '收款地址_138', 'IBAN_138', 'SWIFT_138'),
(139, 1, '收款地址_139', 'IBAN_139', 'SWIFT_139'),
(140, 2, '收款地址_140', 'IBAN_140', 'SWIFT_140'),
(141, 1, '收款地址_141', 'IBAN_141', 'SWIFT_141'),
(142, 2, '收款地址_142', 'IBAN_142', 'SWIFT_142'),
(143, 1, '收款地址_143', 'IBAN_143', 'SWIFT_143'),
(144, 2, '收款地址_144', 'IBAN_144', 'SWIFT_144'),
(145, 1, '收款地址_145', 'IBAN_145', 'SWIFT_145'),
(146, 2, '收款地址_146', 'IBAN_146', 'SWIFT_146'),
(147, 1, '收款地址_147', 'IBAN_147', 'SWIFT_147'),
(148, 2, '收款地址_148', 'IBAN_148', 'SWIFT_148'),
(149, 1, '收款地址_149', 'IBAN_149', 'SWIFT_149'),
(150, 2, '收款地址_150', 'IBAN_150', 'SWIFT_150'),
(151, 1, '收款地址_151', 'IBAN_151', 'SWIFT_151'),
(152, 2, '收款地址_152', 'IBAN_152', 'SWIFT_152'),
(153, 1, '收款地址_153', 'IBAN_153', 'SWIFT_153'),
(154, 2, '收款地址_154', 'IBAN_154', 'SWIFT_154'),
(155, 1, '收款地址_155', 'IBAN_155', 'SWIFT_155'),
(156, 2, '收款地址_156', 'IBAN_156', 'SWIFT_156'),
(157, 1, '收款地址_157', 'IBAN_157', 'SWIFT_157'),
(158, 2, '收款地址_158', 'IBAN_158', 'SWIFT_158'),
(159, 1, '收款地址_159', 'IBAN_159', 'SWIFT_159'),
(160, 2, '收款地址_160', 'IBAN_160', 'SWIFT_160'),
(161, 1, '收款地址_161', 'IBAN_161', 'SWIFT_161'),
(162, 2, '收款地址_162', 'IBAN_162', 'SWIFT_162'),
(163, 1, '收款地址_163', 'IBAN_163', 'SWIFT_163'),
(164, 2, '收款地址_164', 'IBAN_164', 'SWIFT_164'),
(165, 1, '收款地址_165', 'IBAN_165', 'SWIFT_165'),
(166, 2, '收款地址_166', 'IBAN_166', 'SWIFT_166'),
(167, 1, '收款地址_167', 'IBAN_167', 'SWIFT_167'),
(168, 2, '收款地址_168', 'IBAN_168', 'SWIFT_168'),
(169, 1, '收款地址_169', 'IBAN_169', 'SWIFT_169'),
(170, 2, '收款地址_170', 'IBAN_170', 'SWIFT_170'),
(171, 1, '收款地址_171', 'IBAN_171', 'SWIFT_171'),
(172, 2, '收款地址_172', 'IBAN_172', 'SWIFT_172'),
(173, 1, '收款地址_173', 'IBAN_173', 'SWIFT_173'),
(174, 2, '收款地址_174', 'IBAN_174', 'SWIFT_174'),
(175, 1, '收款地址_175', 'IBAN_175', 'SWIFT_175'),
(176, 2, '收款地址_176', 'IBAN_176', 'SWIFT_176'),
(177, 1, '收款地址_177', 'IBAN_177', 'SWIFT_177'),
(178, 2, '收款地址_178', 'IBAN_178', 'SWIFT_178'),
(179, 1, '收款地址_179', 'IBAN_179', 'SWIFT_179'),
(180, 2, '收款地址_180', 'IBAN_180', 'SWIFT_180'),
(181, 1, '收款地址_181', 'IBAN_181', 'SWIFT_181'),
(182, 2, '收款地址_182', 'IBAN_182', 'SWIFT_182'),
(183, 1, '收款地址_183', 'IBAN_183', 'SWIFT_183'),
(184, 2, '收款地址_184', 'IBAN_184', 'SWIFT_184'),
(185, 1, '收款地址_185', 'IBAN_185', 'SWIFT_185'),
(186, 2, '收款地址_186', 'IBAN_186', 'SWIFT_186'),
(187, 1, '收款地址_187', 'IBAN_187', 'SWIFT_187'),
(188, 2, '收款地址_188', 'IBAN_188', 'SWIFT_188'),
(189, 1, '收款地址_189', 'IBAN_189', 'SWIFT_189'),
(190, 2, '收款地址_190', 'IBAN_190', 'SWIFT_190'),
(191, 1, '收款地址_191', 'IBAN_191', 'SWIFT_191'),
(192, 2, '收款地址_192', 'IBAN_192', 'SWIFT_192'),
(193, 1, '收款地址_193', 'IBAN_193', 'SWIFT_193'),
(194, 2, '收款地址_194', 'IBAN_194', 'SWIFT_194'),
(195, 1, '收款地址_195', 'IBAN_195', 'SWIFT_195'),
(196, 2, '收款地址_196', 'IBAN_196', 'SWIFT_196'),
(197, 1, '收款地址_197', 'IBAN_197', 'SWIFT_197'),
(198, 2, '收款地址_198', 'IBAN_198', 'SWIFT_198'),
(199, 1, '收款地址_199', 'IBAN_199', 'SWIFT_199'),
(200, 2, '收款地址_200', 'IBAN_200', 'SWIFT_200');

-- --------------------------------------------------------

--
-- 資料表結構 `host_paymenttype`
--

CREATE TABLE `host_paymenttype` (
  `host_paymentTypeId` int(11) NOT NULL COMMENT '流水號',
  `host_paymentType` varchar(255) NOT NULL COMMENT '收款方式'
) ENGINE=InnoDB DEFAULT CHARSET=utf8;

--
-- 資料表的匯出資料 `host_paymenttype`
--

INSERT INTO `host_paymenttype` (`host_paymentTypeId`, `host_paymentType`) VALUES
(1, 'PayPal'),
(2, '電匯');

-- --------------------------------------------------------

--
-- 資料表結構 `location_citylist`
--

CREATE TABLE `location_citylist` (
  `city_id` int(11) NOT NULL COMMENT 'id',
  `city_name` varchar(255) NOT NULL COMMENT '城市名'
) ENGINE=InnoDB DEFAULT CHARSET=utf8;

--
-- 資料表的匯出資料 `location_citylist`
--

INSERT INTO `location_citylist` (`city_id`, `city_name`) VALUES
(1, '基隆市'),
(2, '台北市'),
(3, '新北市'),
(4, '桃園市'),
(5, '新竹市'),
(6, '新竹縣'),
(7, '宜蘭縣'),
(8, '苗栗縣'),
(9, '台中市'),
(10, '彰化縣'),
(11, '南投縣'),
(12, '雲林縣'),
(13, '嘉義市'),
(14, '嘉義縣'),
(15, '台南市'),
(16, '高雄市'),
(17, '屏東縣'),
(18, '澎湖縣'),
(19, '花蓮縣'),
(20, '台東縣'),
(21, '金門縣'),
(22, '連江縣');

-- --------------------------------------------------------

--
-- 資料表結構 `location_distlist`
--

CREATE TABLE `location_distlist` (
  `dist_id` int(11) NOT NULL,
  `dist_name` varchar(255) NOT NULL,
  `city_id` int(11) NOT NULL COMMENT '所在城市id'
) ENGINE=InnoDB DEFAULT CHARSET=utf8;

--
-- 資料表的匯出資料 `location_distlist`
--

INSERT INTO `location_distlist` (`dist_id`, `dist_name`, `city_id`) VALUES
(1, '仁愛區', 1),
(2, '中正區', 1),
(3, '信義區', 1),
(4, '中山區', 1),
(5, '安樂區', 1),
(6, '暖暖區', 1),
(7, '七堵區', 1),
(8, '中正區', 2),
(9, '大同區', 2),
(10, '中山區', 2),
(11, '松山區', 2),
(12, '大安區', 2),
(13, '萬華區', 2),
(14, '信義區', 2),
(15, '士林區', 2),
(16, '北投區', 2),
(17, '內湖區', 2),
(18, '南港區', 2),
(19, '文山區', 2),
(20, '板橋區', 3),
(21, '新莊區', 3),
(22, '中和區', 3),
(23, '永和區', 3),
(24, '土城區', 3),
(25, '樹林區', 3),
(26, '三峽區', 3),
(27, '鶯歌區', 3),
(28, '三重區', 3),
(29, '蘆洲區', 3),
(30, '五股區', 3),
(31, '泰山區', 3),
(32, '林口區', 3),
(33, '八里區', 3),
(34, '淡水區', 3),
(35, '三芝區', 3),
(36, '石門區', 3),
(37, '金山區', 3),
(38, '萬里區', 3),
(39, '汐止區', 3),
(40, '瑞芳區', 3),
(41, '貢寮區', 3),
(42, '平溪區', 3),
(43, '雙溪區', 3),
(44, '新店區', 3),
(45, '深坑區', 3),
(46, '石碇區', 3),
(47, '坪林區', 3),
(48, '烏來區', 3),
(49, '桃園區', 4),
(50, '中壢區', 4),
(51, '平鎮區', 4),
(52, '八德區', 4),
(53, '楊梅區', 4),
(54, '蘆竹區', 4),
(55, '大溪區', 4),
(56, '龍潭區', 4),
(57, '龜山區', 4),
(58, '大園區', 4),
(59, '觀音區', 4),
(60, '新屋區', 4),
(61, '復興區', 4),
(62, '東區', 5),
(63, '北區', 5),
(64, '香山區', 5),
(65, '竹北市', 6),
(66, '竹東鎮', 6),
(67, '新埔鎮', 6),
(68, '關西鎮', 6),
(69, '湖口鄉', 6),
(70, '新豐鄉', 6),
(71, '峨眉鄉', 6),
(72, '寶山鄉', 6),
(73, '北埔鄉', 6),
(74, '芎林鄉', 6),
(75, '橫山鄉', 6),
(76, '尖石鄉', 6),
(77, '五峰鄉', 6),
(78, '宜蘭市', 7),
(79, '頭城鎮', 7),
(80, '礁溪鄉', 7),
(81, '壯圍鄉', 7),
(82, '員山鄉', 7),
(83, '羅東鎮', 7),
(84, '蘇澳鎮', 7),
(85, '五結鄉', 7),
(86, '三星鄉', 7),
(87, '冬山鄉', 7),
(88, '大同鄉', 7),
(89, '南澳鄉', 7),
(90, '苗栗市', 8),
(91, '頭份市', 8),
(92, '竹南鎮', 8),
(93, '後龍鎮', 8),
(94, '通霄鎮', 8),
(95, '苑裡鎮', 8),
(96, '卓蘭鎮', 8),
(97, '造橋鄉', 8),
(98, '西湖鄉', 8),
(99, '頭屋鄉', 8),
(100, '公館鄉', 8),
(101, '銅鑼鄉', 8),
(102, '三義鄉', 8),
(103, '大湖鄉', 8),
(104, '獅潭鄉', 8),
(105, '三灣鄉', 8),
(106, '南庄鄉', 8),
(107, '泰安鄉', 8),
(108, '中區', 9),
(109, '東區', 9),
(110, '南區', 9),
(111, '西區', 9),
(112, '北區', 9),
(113, '北屯區', 9),
(114, '西屯區', 9),
(115, '南屯區', 9),
(116, '太平區', 9),
(117, '大里區', 9),
(118, '霧峰區', 9),
(119, '烏日區', 9),
(120, '豐原區', 9),
(121, '后里區', 9),
(122, '石岡區', 9),
(123, '東勢區', 9),
(124, '新社區', 9),
(125, '潭子區', 9),
(126, '大雅區', 9),
(127, '神岡區', 9),
(128, '大肚區', 9),
(129, '沙鹿區', 9),
(130, '龍井區', 9),
(131, '梧棲區', 9),
(132, '清水區', 9),
(133, '大甲區', 9),
(134, '外埔區', 9),
(135, '大安區', 9),
(136, '和平區', 9),
(137, '彰化市', 10),
(138, '員林市', 10),
(139, '和美鎮', 10),
(140, '鹿港鎮', 10),
(141, '溪湖鎮', 10),
(142, '二林鎮', 10),
(143, '田中鎮', 10),
(144, '北斗鎮', 10),
(145, '花壇鄉', 10),
(146, '芬園鄉', 10),
(147, '大村鄉', 10),
(148, '永靖鄉', 10),
(149, '伸港鄉', 10),
(150, '線西鄉', 10),
(151, '福興鄉', 10),
(152, '秀水鄉', 10),
(153, '埔心鄉', 10),
(154, '埔鹽鄉', 10),
(155, '大城鄉', 10),
(156, '芳苑鄉', 10),
(157, '竹塘鄉', 10),
(158, '社頭鄉', 10),
(159, '二水鄉', 10),
(160, '田尾鄉', 10),
(161, '埤頭鄉', 10),
(162, '溪州鄉', 10),
(163, '南投市', 11),
(164, '埔里鎮', 11),
(165, '草屯鎮', 11),
(166, '竹山鎮', 11),
(167, '集集鎮', 11),
(168, '名間鄉', 11),
(169, '鹿谷鄉', 11),
(170, '中寮鄉', 11),
(171, '魚池鄉', 11),
(172, '國姓鄉', 11),
(173, '水里鄉', 11),
(174, '信義鄉', 11),
(175, '仁愛鄉', 11),
(176, '斗六市', 12),
(177, '斗南鎮', 12),
(178, '林內鄉', 12),
(179, '古坑鄉', 12),
(180, '大埤鄉', 12),
(181, '莿桐鄉', 12),
(182, '虎尾鎮', 12),
(183, '西螺鎮', 12),
(184, '土庫鎮', 12),
(185, '褒忠鄉', 12),
(186, '二崙鄉', 12),
(187, '崙背鄉', 12),
(188, '麥寮鄉', 12),
(189, '臺西鄉', 12),
(190, '東勢鄉', 12),
(191, '北港鎮', 12),
(192, '元長鄉', 12),
(193, '四湖鄉', 12),
(194, '口湖鄉', 12),
(195, '水林鄉', 12),
(196, '東區', 13),
(197, '西區', 13),
(198, '太保市', 14),
(199, '朴子市', 14),
(200, '布袋鎮', 14),
(201, '大林鎮', 14),
(202, '民雄鄉', 14),
(203, '溪口鄉', 14),
(204, '新港鄉', 14),
(205, '六腳鄉', 14),
(206, '東石鄉', 14),
(207, '義竹鄉', 14),
(208, '鹿草鄉', 14),
(209, '水上鄉', 14),
(210, '中埔鄉', 14),
(211, '竹崎鄉', 14),
(212, '梅山鄉', 14),
(213, '番路鄉', 14),
(214, '大埔鄉', 14),
(215, '阿里山鄉', 14),
(216, '西區', 15),
(217, '東區', 15),
(218, '南區', 15),
(219, '北區', 15),
(220, '安平區', 15),
(221, '安南區', 15),
(222, '永康區', 15),
(223, '歸仁區', 15),
(224, '新化區', 15),
(225, '左鎮區', 15),
(226, '玉井區', 15),
(227, '楠西區', 15),
(228, '南化區', 15),
(229, '仁德區', 15),
(230, '關廟區', 15),
(231, '龍崎區', 15),
(232, '官田區', 15),
(233, '麻豆區', 15),
(234, '佳里區', 15),
(235, '西港區', 15),
(236, '七股區', 15),
(237, '將軍區', 15),
(238, '學甲區', 15),
(239, '北門區', 15),
(240, '新營區', 15),
(241, '後壁區', 15),
(242, '白河區', 15),
(243, '東山區', 15),
(244, '六甲區', 15),
(245, '下營區', 15),
(246, '柳營區', 15),
(247, '鹽水區', 15),
(248, '善化區', 15),
(249, '大內區', 15),
(250, '山上區', 15),
(251, '新市區', 15),
(252, '安定區', 15),
(253, '楠梓區', 16),
(254, '左營區', 16),
(255, '鼓山區', 16),
(256, '三民區', 16),
(257, '鹽埕區', 16),
(258, '前金區', 16),
(259, '新興區', 16),
(260, '苓雅區', 16),
(261, '前鎮區', 16),
(262, '旗津區', 16),
(263, '小港區', 16),
(264, '鳳山區', 16),
(265, '大寮區', 16),
(266, '烏松區', 16),
(267, '林園區', 16),
(268, '仁武區', 16),
(269, '大樹區', 16),
(270, '大社區', 16),
(271, '岡山區', 16),
(272, '路竹區', 16),
(273, '橋頭區', 16),
(274, '梓官區', 16),
(275, '彌陀區', 16),
(276, '永安區', 16),
(277, '燕巢區', 16),
(278, '田寮區', 16),
(279, '阿蓮區', 16),
(280, '茄萣區', 16),
(281, '湖內區', 16),
(282, '旗山區', 16),
(283, '美濃區', 16),
(284, '內門區', 16),
(285, '杉林區', 16),
(286, '甲仙區', 16),
(287, '六龜區', 16),
(288, '茂林區', 16),
(289, '桃源區', 16),
(290, '那瑪夏區', 16),
(291, '屏東市', 17),
(292, '潮州鎮', 17),
(293, '東港鎮', 17),
(294, '恆春鎮', 17),
(295, '萬丹鄉', 17),
(296, '崁頂鄉', 17),
(297, '新園鄉', 17),
(298, '林邊鄉', 17),
(299, '南州鄉', 17),
(300, '琉球鄉', 17),
(301, '枋寮鄉', 17),
(302, '枋山鄉', 17),
(303, '車城鄉', 17),
(304, '滿洲鄉', 17),
(305, '高樹鄉', 17),
(306, '九如鄉', 17),
(307, '鹽埔鄉', 17),
(308, '里港鄉', 17),
(309, '內埔鄉', 17),
(310, '竹田鄉', 17),
(311, '長治鄉', 17),
(312, '麟洛鄉', 17),
(313, '萬巒鄉', 17),
(314, '新埤鄉', 17),
(315, '佳冬鄉', 17),
(316, '霧台鄉', 17),
(317, '泰武鄉', 17),
(318, '瑪家鄉', 17),
(319, '來義鄉', 17),
(320, '春日鄉', 17),
(321, '獅子鄉', 17),
(322, '牡丹鄉', 17),
(323, '三地門鄉', 17),
(324, '馬公市', 18),
(325, '湖西鄉', 18),
(326, '白沙鄉', 18),
(327, '西嶼鄉', 18),
(328, '望安鄉', 18),
(329, '七美鄉', 18),
(330, '花蓮市', 19),
(331, '鳳林鎮', 19),
(332, '玉里鎮', 19),
(333, '新城鄉', 19),
(334, '吉安鄉', 19),
(335, '壽豐鄉', 19),
(336, '光復鄉', 19),
(337, '豐濱鄉', 19),
(338, '瑞穗鄉', 19),
(339, '富里鄉', 19),
(340, '秀林鄉', 19),
(341, '萬榮鄉', 19),
(342, '卓溪鄉', 19),
(343, '台東市', 20),
(344, '成功鎮', 20),
(345, '關山鎮', 20),
(346, '長濱鄉', 20),
(347, '池上鄉', 20),
(348, '東河鄉', 20),
(349, '鹿野鄉', 20),
(350, '卑南鄉', 20),
(351, '大武鄉', 20),
(352, '綠島鄉', 20),
(353, '太麻里鄉', 20),
(354, '海端鄉', 20),
(355, '延平鄉', 20),
(356, '金峰鄉', 20),
(357, '達仁鄉', 20),
(358, '蘭嶼鄉', 20),
(359, '金城鎮', 21),
(360, '金湖鎮', 21),
(361, '金沙鎮', 21),
(362, '金寧鄉', 21),
(363, '烈嶼鄉', 21),
(364, '烏坵鄉', 21),
(365, '南竿鄉', 22),
(366, '北竿鄉', 22),
(367, '莒光鄉', 22),
(368, '東引鄉', 22);

-- --------------------------------------------------------

--
-- 資料表結構 `member_list`
--

CREATE TABLE `member_list` (
  `mem_id` int(11) NOT NULL COMMENT '流水號',
  `mem_account` varchar(255) NOT NULL COMMENT '帳號',
  `mem_password` varchar(255) NOT NULL COMMENT '密碼',
  `mem_avatar` varchar(255) NOT NULL COMMENT '大頭貼',
  `mem_name` varchar(255) NOT NULL COMMENT '姓名',
  `mem_nickname` varchar(255) NOT NULL COMMENT '暱稱',
  `mem_gender` varchar(10) NOT NULL COMMENT '性別',
  `mem_birthday` date NOT NULL COMMENT '生日',
  `mem_mobile` varchar(255) NOT NULL COMMENT '手機',
  `mem_email` varchar(255) NOT NULL COMMENT '信箱',
  `mem_status` varchar(255) NOT NULL COMMENT '狀態',
  `mem_signUpDate` datetime NOT NULL DEFAULT CURRENT_TIMESTAMP COMMENT '註冊日期'
) ENGINE=InnoDB DEFAULT CHARSET=utf8;

--
-- 資料表的匯出資料 `member_list`
--

INSERT INTO `member_list` (`mem_id`, `mem_account`, `mem_password`, `mem_avatar`, `mem_name`, `mem_nickname`, `mem_gender`, `mem_birthday`, `mem_mobile`, `mem_email`, `mem_status`, `mem_signUpDate`) VALUES
(1, 'testdog', 'admin', '', 'mr dog', 'doggy', 'male', '2019-03-16', '0912345678', 'sammie0804@gms.tku.edu.tw', 'valid', '2019-03-17 18:50:09'),
(2, 'testcat', 'admin', '', 'ms cat', 'kitty', 'female', '2019-03-17', '0912345678', 'sammie0804@gms.tku.edu.tw', 'valid', '2019-03-18 09:50:43'),
(3, 'testrabbit', 'admin', '', 'mr rabbit', 'bunny', 'male', '2019-02-28', '0912345678', 'sammie0804@gms.tku.edu.tw', 'valid', '2019-03-18 09:50:43'),
(4, 'testbear', 'admin', '', 'mr bear', 'bear papa', 'male', '2018-01-19', '0912345678', 'sammie0804@gms.tku.edu.tw', 'valid', '2019-03-18 10:33:23'),
(5, 'testpig', 'admin', '', 'ms pig', 'piggy', 'female', '2018-06-21', '0912345678', 'sammie0804@gms.tku.edu.tw', 'valid', '2019-03-18 10:33:23'),
(6, 'testtiger', 'admin', '', 'mr tiger', 'tiger bro', 'male', '2018-01-01', '0912345678', 'sammie0804@gms.tku.edu.tw', 'valid', '2019-03-18 10:35:18'),
(7, 'testelephant', 'admin', '', 'mr elephant', 'elephant grandpa', 'male', '2018-01-02', '0912345678', 'sammie0804@gms.tku.edu.tw', 'valid', '2019-03-18 10:35:18'),
(8, 'testcow', 'admin', '', 'ms cow', 'cow mama', 'female', '2018-03-01', '0912345678', 'sammie0804@gms.tku.edu.tw', 'valid', '2019-03-18 11:20:06'),
(9, 'testsnake', 'admin', '', 'ms snake', 'snake sis', 'female', '2018-03-02', '0912345678', 'sammie0804@gms.tku.edu.tw', 'valid', '2019-03-18 11:20:37'),
(10, 'testhorse', 'admin', '', 'mr horse', 'ponny', 'male', '2018-05-01', '0912345678', 'sammie0804@gms.tku.edu.tw', 'valid', '2019-03-18 11:23:38'),
(11, 'testsheep', 'admin', '', 'ms sheep', 'mary', 'female', '2018-05-06', '0912345678', 'sammie0804@gms.tku.edu.tw', 'valid', '2019-03-18 11:24:07'),
(12, 'testmonkey', 'admin', '', 'mr monkey', 'wuwu', 'male', '2001-04-18', '0912345678', 'sammie0804@gms.tku.edu.tw', 'valid', '0000-00-00 00:00:00'),
(13, 'testchicken', 'admin', '', 'mr chiecken', 'gugugu', 'male', '2008-06-17', '0912345678', 'sammie0804@gms.tku.edu.tw', 'valid', '0000-00-00 00:00:00'),
(14, 'testfrog', 'admin', '', 'ms frog', 'queen frog', 'female', '2001-02-28', '0912345678', 'sammie0804@gms.tku.edu.tw', 'valid', '0000-00-00 00:00:00'),
(15, 'testladybug', 'admin', '', 'ms ladybug', 'beauty', 'female', '2001-06-28', '0912345678', 'sammie0804@gms.tku.edu.tw', 'valid', '2019-03-18 11:31:56'),
(16, 'testlion', 'admin', '', 'mr lion', 'knig lion', 'male', '2010-07-06', '0912345678', 'sammie0804@gms.tku.edu.tw', 'valid', '2019-03-18 11:31:56'),
(17, 'testbird', 'admin', '', 'mr bird', 'birdy', 'male', '2003-09-27', '0912345678', 'sammie0804@gms.tku.edu.tw', 'valid', '2019-03-18 11:31:56');

-- --------------------------------------------------------

--
-- 資料表結構 `share_post`
--

CREATE TABLE `share_post` (
  `post_id` int(11) NOT NULL,
  `mem_id` int(11) DEFAULT NULL,
  `mem_nickname` varchar(255) DEFAULT NULL,
  `post_cate` varchar(255) DEFAULT NULL,
  `post_title` varchar(255) DEFAULT NULL,
  `post_time` date DEFAULT NULL,
  `post_editTime` date DEFAULT NULL,
  `post_content` longtext,
  `browse_num` int(11) DEFAULT NULL,
  `share_num` int(11) DEFAULT NULL,
  `cmt_num` int(11) DEFAULT NULL,
  `post_tag` text,
  `post_visible` tinyint(1) DEFAULT NULL
) ENGINE=InnoDB DEFAULT CHARSET=utf8;

--
-- 已匯出資料表的索引
--

--
-- 資料表索引 `campsite_device`
--
ALTER TABLE `campsite_device`
  ADD PRIMARY KEY (`campDevice_id`);

--
-- 資料表索引 `campsite_facility`
--
ALTER TABLE `campsite_facility`
  ADD PRIMARY KEY (`campFacility_id`);

--
-- 資料表索引 `campsite_feature`
--
ALTER TABLE `campsite_feature`
  ADD PRIMARY KEY (`campFeature_id`);

--
-- 資料表索引 `campsite_image`
--
ALTER TABLE `campsite_image`
  ADD PRIMARY KEY (`campImg_id`);

--
-- 資料表索引 `campsite_list`
--
ALTER TABLE `campsite_list`
  ADD PRIMARY KEY (`camp_id`);

--
-- 資料表索引 `campsite_price`
--
ALTER TABLE `campsite_price`
  ADD PRIMARY KEY (`campPrice_id`);

--
-- 資料表索引 `campsite_type`
--
ALTER TABLE `campsite_type`
  ADD PRIMARY KEY (`campType_id`);

--
-- 資料表索引 `event_applylist`
--
ALTER TABLE `event_applylist`
  ADD PRIMARY KEY (`applyList_id`);

--
-- 資料表索引 `event_applyorder`
--
ALTER TABLE `event_applyorder`
  ADD PRIMARY KEY (`apply_id`);

--
-- 資料表索引 `event_list`
--
ALTER TABLE `event_list`
  ADD PRIMARY KEY (`event_id`);

--
-- 資料表索引 `host_infolist`
--
ALTER TABLE `host_infolist`
  ADD PRIMARY KEY (`host_id`),
  ADD UNIQUE KEY `host_account` (`host_account`);

--
-- 資料表索引 `host_payment`
--
ALTER TABLE `host_payment`
  ADD UNIQUE KEY `host_id` (`host_id`);

--
-- 資料表索引 `host_paymenttype`
--
ALTER TABLE `host_paymenttype`
  ADD PRIMARY KEY (`host_paymentTypeId`);

--
-- 資料表索引 `location_citylist`
--
ALTER TABLE `location_citylist`
  ADD PRIMARY KEY (`city_id`);

--
-- 資料表索引 `location_distlist`
--
ALTER TABLE `location_distlist`
  ADD PRIMARY KEY (`dist_id`);

--
-- 資料表索引 `member_list`
--
ALTER TABLE `member_list`
  ADD PRIMARY KEY (`mem_id`),
  ADD UNIQUE KEY `mem_account` (`mem_account`);

--
-- 資料表索引 `share_post`
--
ALTER TABLE `share_post`
  ADD PRIMARY KEY (`post_id`);

--
-- 在匯出的資料表使用 AUTO_INCREMENT
--

--
-- 使用資料表 AUTO_INCREMENT `campsite_device`
--
ALTER TABLE `campsite_device`
  MODIFY `campDevice_id` int(11) NOT NULL AUTO_INCREMENT COMMENT '設備編號';

--
-- 使用資料表 AUTO_INCREMENT `campsite_facility`
--
ALTER TABLE `campsite_facility`
  MODIFY `campFacility_id` int(11) NOT NULL AUTO_INCREMENT COMMENT '設施編號';

--
-- 使用資料表 AUTO_INCREMENT `campsite_feature`
--
ALTER TABLE `campsite_feature`
  MODIFY `campFeature_id` int(11) NOT NULL AUTO_INCREMENT COMMENT '特色編號';

--
-- 使用資料表 AUTO_INCREMENT `campsite_image`
--
ALTER TABLE `campsite_image`
  MODIFY `campImg_id` int(11) NOT NULL AUTO_INCREMENT COMMENT '圖片編號';

--
-- 使用資料表 AUTO_INCREMENT `campsite_list`
--
ALTER TABLE `campsite_list`
  MODIFY `camp_id` int(11) NOT NULL AUTO_INCREMENT COMMENT '營地編號', AUTO_INCREMENT=8;

--
-- 使用資料表 AUTO_INCREMENT `campsite_price`
--
ALTER TABLE `campsite_price`
  MODIFY `campPrice_id` int(11) NOT NULL AUTO_INCREMENT COMMENT '價格編號';

--
-- 使用資料表 AUTO_INCREMENT `campsite_type`
--
ALTER TABLE `campsite_type`
  MODIFY `campType_id` int(11) NOT NULL AUTO_INCREMENT COMMENT '類型編號';

--
-- 使用資料表 AUTO_INCREMENT `event_applylist`
--
ALTER TABLE `event_applylist`
  MODIFY `applyList_id` int(11) NOT NULL AUTO_INCREMENT, AUTO_INCREMENT=65;

--
-- 使用資料表 AUTO_INCREMENT `event_applyorder`
--
ALTER TABLE `event_applyorder`
  MODIFY `apply_id` int(11) NOT NULL AUTO_INCREMENT, AUTO_INCREMENT=40;

--
-- 使用資料表 AUTO_INCREMENT `event_list`
--
ALTER TABLE `event_list`
  MODIFY `event_id` int(11) NOT NULL AUTO_INCREMENT, AUTO_INCREMENT=21;

--
-- 使用資料表 AUTO_INCREMENT `host_infolist`
--
ALTER TABLE `host_infolist`
  MODIFY `host_id` int(11) NOT NULL AUTO_INCREMENT COMMENT 'id', AUTO_INCREMENT=201;

--
-- 使用資料表 AUTO_INCREMENT `host_paymenttype`
--
ALTER TABLE `host_paymenttype`
  MODIFY `host_paymentTypeId` int(11) NOT NULL AUTO_INCREMENT COMMENT '流水號', AUTO_INCREMENT=3;

--
-- 使用資料表 AUTO_INCREMENT `location_citylist`
--
ALTER TABLE `location_citylist`
  MODIFY `city_id` int(11) NOT NULL AUTO_INCREMENT COMMENT 'id', AUTO_INCREMENT=23;

--
-- 使用資料表 AUTO_INCREMENT `location_distlist`
--
ALTER TABLE `location_distlist`
  MODIFY `dist_id` int(11) NOT NULL AUTO_INCREMENT, AUTO_INCREMENT=369;

--
-- 使用資料表 AUTO_INCREMENT `member_list`
--
ALTER TABLE `member_list`
  MODIFY `mem_id` int(11) NOT NULL AUTO_INCREMENT COMMENT '流水號', AUTO_INCREMENT=18;

--
-- 使用資料表 AUTO_INCREMENT `share_post`
--
ALTER TABLE `share_post`
  MODIFY `post_id` int(11) NOT NULL AUTO_INCREMENT;
COMMIT;

/*!40101 SET CHARACTER_SET_CLIENT=@OLD_CHARACTER_SET_CLIENT */;
/*!40101 SET CHARACTER_SET_RESULTS=@OLD_CHARACTER_SET_RESULTS */;
/*!40101 SET COLLATION_CONNECTION=@OLD_COLLATION_CONNECTION */;
